<?xml version="1.0" encoding="UTF-8"?>
<project-private xmlns="http://www.netbeans.org/ns/project-private/1">
    <editor-bookmarks xmlns="http://www.netbeans.org/ns/editor-bookmarks/2" lastBookmarkId="0"/>
    <open-files xmlns="http://www.netbeans.org/ns/projectui-open-files/2">
        <group>
            <file>file:/Users/taha/Desktop/Nesne/Nesne%20Proje/NesneProje/src/TemplateMethod/DenizYoluUlasım.java</file>
            <file>file:/Users/taha/Desktop/Nesne/Nesne%20Proje/NesneProje/src/nesneproje/Yonetici.java</file>
            <file>file:/Users/taha/Desktop/Nesne/Nesne%20Proje/NesneProje/src/AbstractFactory/Satis.java</file>
            <file>file:/Users/taha/Desktop/Nesne/Nesne%20Proje/NesneProje/src/AbstractFactory/AmerikaSuet.java</file>
            <file>file:/Users/taha/Desktop/Nesne/Nesne%20Proje/NesneProje/src/AbstractFactory/TurkiyeSuetFactory.java</file>
            <file>file:/Users/taha/Desktop/Nesne/Nesne%20Proje/NesneProje/src/nesneproje/Personel.java</file>
            <file>file:/Users/taha/Desktop/Nesne/Nesne%20Proje/NesneProje/src/AbstractFactory/SatisPage.java</file>
            <file>file:/Users/taha/Desktop/Nesne/Nesne%20Proje/NesneProje/src/AbstractFactory/TurkiyeSuni.java</file>
            <file>file:/Users/taha/Desktop/Nesne/Nesne%20Proje/NesneProje/src/nesneproje/Calisan.java</file>
            <file>file:/Users/taha/Desktop/Nesne/Nesne%20Proje/NesneProje/src/TemplateMethod/HavaYoluUlasım.java</file>
            <file>file:/Users/taha/Desktop/Nesne/Nesne%20Proje/NesneProje/src/AbstractFactory/AmerikaSuetFactory.java</file>
            <file>file:/Users/taha/Desktop/Nesne/Nesne%20Proje/NesneProje/src/AbstractFactory/TurkiyeSuniFactory.java</file>
            <file>file:/Users/taha/Desktop/Nesne/Nesne%20Proje/NesneProje/src/AbstractFactory/Uretim.java</file>
            <file>file:/Users/taha/Desktop/Nesne/Nesne%20Proje/NesneProje/test/AbstractFactory/SatisTest.java</file>
            <file>file:/Users/taha/Desktop/Nesne/Nesne%20Proje/NesneProje/src/Sql/SqlVeriIslemleriCalisan.java</file>
            <file>file:/Users/taha/Desktop/Nesne/Nesne%20Proje/NesneProje/src/AbstractFactory/CalisanPage.java</file>
            <file>file:/Users/taha/Desktop/Nesne/Nesne%20Proje/NesneProje/test/YoneticiTest.java</file>
            <file>file:/Users/taha/Desktop/Nesne/Nesne%20Proje/NesneProje/src/AbstractFactory/DepoPage.java</file>
            <file>file:/Users/taha/Desktop/Nesne/Nesne%20Proje/NesneProje/src/Sql/SqlVeriIslemleriUlasım.java</file>
            <file>file:/Users/taha/Desktop/Nesne/Nesne%20Proje/NesneProje/src/Sql/SqlVeriIslemleriUretim.java</file>
            <file>file:/Users/taha/Desktop/Nesne/Nesne%20Proje/NesneProje/test/PersonelTest.java</file>
            <file>file:/Users/taha/Desktop/Nesne/Nesne%20Proje/NesneProje/src/TemplateMethod/UlasımYap.java</file>
            <file>file:/Users/taha/Desktop/Nesne/Nesne%20Proje/NesneProje/src/TemplateMethod/KaraYoluUlasım.java</file>
            <file>file:/Users/taha/Desktop/Nesne/Nesne%20Proje/NesneProje/test/TemplateMethod/DenizYoluUlasımTest.java</file>
            <file>file:/Users/taha/Desktop/Nesne/Nesne%20Proje/NesneProje/src/AbstractFactory/CalisanAnaMenu.java</file>
            <file>file:/Users/taha/Desktop/Nesne/Nesne%20Proje/NesneProje/src/AbstractFactory/NesneProje.java</file>
            <file>file:/Users/taha/Desktop/Nesne/Nesne%20Proje/NesneProje/src/nesneproje/Mali.java</file>
            <file>file:/Users/taha/Desktop/Nesne/Nesne%20Proje/NesneProje/src/AbstractFactory/Depo.java</file>
            <file>file:/Users/taha/Desktop/Nesne/Nesne%20Proje/NesneProje/src/Sql/SqlVeriIslemleriSatis.java</file>
            <file>file:/Users/taha/Desktop/Nesne/Nesne%20Proje/NesneProje/src/AbstractFactory/UretimPage.java</file>
        </group>
    </open-files>
</project-private>
